check_id,engine,category,priority,title,scope,cost,pass,source,min_version,max_version,run_on,requires,platform_skip,platform_priority,fix_effort,fix_risk,condition,thresholds,reads,ref,docs_url,status,since,superseded_by,threshold_changed
MY-MEM-009,mariadb,MEM,50,Query cache enabled,setting,0,fast,sql,,,any,,,,S,low,query_cache_type not OFF with a non-zero query_cache_size.,threads_running=8,"@dbt_v_query_cache_type, @dbt_v_query_cache_size, @dbt_s_threads_running",reference/checks-mysql.md#my-mem-009,https://mariadb.com/kb/en/query-cache/,active,0.1.0,,
MY-WAL-004,mariadb,WAL,100,Checkpoint age near redo capacity,cluster,0,fast,sql,,,any,,,,M,med,Checkpoint age >= 75% of its maximum.,checkpoint_age_ratio=0.75,"@dbt_s_innodb_checkpoint_age, @dbt_s_innodb_checkpoint_max_age",reference/checks-mysql.md#my-wal-004,https://mariadb.com/kb/en/innodb-status-variables/,active,0.1.0,,
MY-QRY-016,mariadb,QRY,240,Per-account workload profile (MariaDB user statistics),role,1,inventory,sql,,,any,,,,S,low,Always emitted when userstat is ON.,top_n=15,"information_schema.USER_STATISTICS, @dbt_v_userstat",reference/checks-mysql.md#my-qry-016,https://mariadb.com/kb/en/user-statistics/,active,0.1.0,,
MY-CORR-001,mysql,CORR,1,InnoDB corruption messages in the error log,host,2,deep,sql,,,any,SELECT ON performance_schema.*,rds;aurora;cloudsql;azure,,L,high,InnoDB integrity messages in performance_schema.error_log within the lookback window.,lookback_hours=168,performance_schema.error_log,reference/checks-mysql.md#my-corr-001,https://dev.mysql.com/doc/refman/8.4/en/error-log.html,active,0.1.0,,
MY-REPL-003,mysql,REPL,5,Replica lag over 5 minutes,replica,0,fast,sql,8.0,,standby,SELECT ON performance_schema.*,,,M,low,Applier lag >= 300 s.,lag_critical_seconds=300;lag_warn_seconds=30,@dbt_repl_lag_s / @dbt_repl_lag_src (01_session.sql §6c),reference/checks-mysql.md#my-repl-003,https://dev.mysql.com/doc/refman/8.4/en/replication-administration-status.html,active,0.1.0,,
MY-REPL-010,mysql,REPL,5,Group Replication member not ONLINE,cluster,0,fast,sql,5.7.17,,any,SELECT ON performance_schema.*,,,M,high,"A group member is not ONLINE, or the group has fewer than 3 members.",min_members=3,performance_schema.replication_group_members,reference/checks-mysql.md#my-repl-010,https://dev.mysql.com/doc/refman/8.4/en/group-replication-monitoring.html,active,0.1.0,,
MY-CORR-002,mysql,CORR,20,Crash-recovery messages in the error log,host,2,deep,sql,,,any,SELECT ON performance_schema.*,rds;aurora;cloudsql;azure,,M,low,Crash or unclean-shutdown messages in performance_schema.error_log.,lookback_hours=168,performance_schema.error_log,reference/checks-mysql.md#my-corr-002,https://dev.mysql.com/doc/refman/8.4/en/error-log.html,active,0.1.0,,
MY-REPL-016,mysql,REPL,20,GTID set has gaps,cluster,0,fast,sql,5.6,,any,,,,L,high,gtid_executed contains more intervals than source UUIDs.,,"@dbt_v_gtid_executed, @dbt_v_gtid_purged",reference/checks-mysql.md#my-repl-016,https://dev.mysql.com/doc/refman/8.4/en/replication-gtids-concepts.html,active,0.1.0,,
MY-REPL-004,mysql,REPL,50,Replica lag over 30 seconds,replica,0,fast,sql,8.0,,standby,SELECT ON performance_schema.*,,,M,low,Applier lag >= 30 s and < 300 s.,lag_warn_seconds=30;lag_critical_seconds=300,@dbt_repl_lag_s / @dbt_repl_lag_src,reference/checks-mysql.md#my-repl-004,https://dev.mysql.com/doc/refman/8.4/en/replication-administration-status.html,active,0.1.0,,
MY-REL-010,mysql,REL,100,Persisted variables override the configuration files,setting,0,fast,sql,8.0,,any,SELECT ON performance_schema.*,rds;aurora;cloudsql;azure,,S,med,A persisted variable overrides a file-sourced value.,,"performance_schema.persisted_variables, performance_schema.variables_info",reference/checks-mysql.md#my-rel-010,https://dev.mysql.com/doc/refman/8.4/en/persisted-system-variables.html,active,0.1.0,,
MY-SCHEMA-003,mysql,SCHEMA,150,sql_require_primary_key off while primary-key-less tables exist,setting,1,fast,sql,8.0.13,,any,,,,S,med,sql_require_primary_key OFF while primary-key-less tables exist.,,"@dbt_v_sql_require_primary_key, information_schema.TABLES/STATISTICS",reference/checks-mysql.md#my-schema-003,https://dev.mysql.com/doc/refman/8.4/en/server-system-variables.html#sysvar_sql_require_primary_key,active,0.1.0,,
MY-CFG-002,mysql,CFG,200,Persisted variables (inventory),setting,0,inventory,sql,8.0,,any,SELECT ON performance_schema.*,,,S,low,Always emitted when persisted variables exist.,,performance_schema.persisted_variables,reference/checks-mysql.md#my-cfg-002,https://dev.mysql.com/doc/refman/8.4/en/persisted-system-variables.html,active,0.1.0,,
MY-SEC-013,mysql,SEC,200,Accounts without password expiry (review),role,0,inventory,sql,,,any,SELECT ON mysql.*,,,S,low,Accounts inherit an unlimited default_password_lifetime.,,"normalised account source (password_lifetime), @dbt_v_default_password_lifetime",reference/checks-mysql.md#my-sec-013,https://dev.mysql.com/doc/refman/8.4/en/password-management.html,active,0.1.0,,
MY-BAK-001,"mysql,mariadb",BAK,1,Binary logging disabled — point-in-time recovery impossible,cluster,0,fast,sql,,,any,,rds;aurora;cloudsql;azure,rds=200;aurora=200;cloudsql=200;azure=200,M,med,log_bin = OFF on a self-managed primary.,,"@@GLOBAL.log_bin, @dbt_platform, @dbt_is_replica",reference/checks-mysql.md#my-bak-001,https://dev.mysql.com/doc/refman/8.4/en/binary-log.html,active,0.1.0,,
MY-BAK-002,"mysql,mariadb",BAK,1,Last successful backup unknown or older than 7 days,cluster,0,fast,external,,,any,os;interview,,,M,low,"No backup tool output found, or newest backup >= 7 days old.",,,reference/checks-mysql.md#my-bak-002,https://dev.mysql.com/doc/refman/8.4/en/backup-methods.html,active,0.1.0,,
MY-CAP-001,"mysql,mariadb",CAP,1,"Data, binary log or temp volume at or above 90 percent full",host,0,fast,os,,,any,os,rds;aurora;cloudsql;azure,,M,high,A MySQL volume is >= 90% full.,,,reference/checks-mysql.md#my-cap-001,https://dev.mysql.com/doc/refman/8.4/en/disk-issues.html,active,0.1.0,,
MY-DUR-004,"mysql,mariadb",DUR,1,InnoDB doublewrite buffer disabled,setting,0,fast,sql,,,any,,,,M,high,innodb_doublewrite is OFF or DETECT_ONLY.,,"@@GLOBAL.innodb_doublewrite, @@GLOBAL.innodb_page_size",reference/checks-mysql.md#my-dur-004,https://dev.mysql.com/doc/refman/8.4/en/innodb-doublewrite-buffer.html,active,0.1.0,,
MY-DUR-005,"mysql,mariadb",DUR,1,Server running in innodb_force_recovery mode,setting,0,fast,sql,,,any,,,,L,high,innodb_force_recovery > 0.,,@@GLOBAL.innodb_force_recovery,reference/checks-mysql.md#my-dur-005,https://dev.mysql.com/doc/refman/8.4/en/forcing-innodb-recovery.html,active,0.1.0,,
MY-REL-002,"mysql,mariadb",REL,1,End-of-life server reachable from any network interface,cluster,0,fast,sql,,,any,SELECT ON mysql.*,,,L,high,"MY-REL-001 fired, the server listens on all interfaces, and wildcard-host accounts exist.",eol_as_of=2026-09-02,"as MY-REL-001, plus @@GLOBAL.bind_address, @@GLOBAL.skip_networking, and the wildcard-host account count",reference/checks-mysql.md#my-rel-002,https://endoflife.date/mysql,active,0.1.0,,
MY-REPL-001,"mysql,mariadb",REPL,1,Replication stopped with an error,replica,0,fast,sql,,,standby,SELECT ON performance_schema.*,,,M,med,A replication thread is not running and an error is recorded.,,@dbt_repl_io_state / @dbt_repl_sql_state / @dbt_repl_err_* (01_session.sql §6c),reference/checks-mysql.md#my-repl-001,https://dev.mysql.com/doc/refman/8.4/en/replication-administration-status.html,active,0.1.0,,
MY-SEC-001,"mysql,mariadb",SEC,1,Accounts with no password,role,0,fast,sql,,,any,SELECT ON mysql.*,,,S,med,"An unlocked, non-external-auth account has an empty credential.",,normalised account source @dbt_acct_src (01_session.sql §6d),reference/checks-mysql.md#my-sec-001,https://dev.mysql.com/doc/refman/8.4/en/assigning-passwords.html,active,0.1.0,,
MY-SEC-002,"mysql,mariadb",SEC,1,Superuser-equivalent account reachable from any host,role,0,fast,sql,,,any,SELECT ON mysql.*,,,S,med,An account with SUPER or all privileges has a wildcard host pattern.,,normalised account source @dbt_acct_src,reference/checks-mysql.md#my-sec-002,https://dev.mysql.com/doc/refman/8.4/en/privileges-provided.html,active,0.1.0,,
MY-CONN-001,"mysql,mariadb",CONN,5,Connections at or above 90 percent of max_connections,cluster,0,fast,sql,,,any,,,,S,med,Threads_connected or Max_used_connections >= 90% of max_connections.,conn_critical_ratio=0.90,"@dbt_s_threads_connected (now), @dbt_s_max_used_connections (since restart), @@GLOBAL.max_connections",reference/checks-mysql.md#my-conn-001,https://dev.mysql.com/doc/refman/8.4/en/too-many-connections.html,active,0.1.0,,
MY-DUR-003,"mysql,mariadb",DUR,5,Crash-unsafe replication source,cluster,0,fast,sql,,,any,PROCESS,,,S,med,MY-DUR-001 and MY-DUR-002 both true and replicas are connected.,,"@@GLOBAL.innodb_flush_log_at_trx_commit, @@GLOBAL.sync_binlog, @@GLOBAL.log_bin, information_schema.PROCESSLIST (Binlog Dump threads, via @dbt_binlog_dump_threads)",reference/checks-mysql.md#my-dur-003,https://dev.mysql.com/doc/refman/8.4/en/replication-solutions-performance.html,active,0.1.0,,
MY-SCHEMA-005,"mysql,mariadb",SCHEMA,5,AUTO_INCREMENT at or above 90 percent exhausted,relation,1,fast,sql,,,any,,,,L,high,AUTO_INCREMENT >= 90% of the column type maximum.,autoinc_critical_ratio=0.90;autoinc_warn_ratio=0.70,"sys.schema_auto_increment_columns, with an information_schema fallback",reference/checks-mysql.md#my-schema-005,https://dev.mysql.com/doc/refman/8.4/en/example-auto-increment.html,active,0.1.0,,
MY-SEC-003,"mysql,mariadb",SEC,5,Anonymous accounts present,role,0,fast,sql,,,any,SELECT ON mysql.*,,,S,med,An account with an empty username exists.,,normalised account source @dbt_acct_src,reference/checks-mysql.md#my-sec-003,https://dev.mysql.com/doc/refman/8.4/en/default-privileges.html,active,0.1.0,,
MY-UNDO-001,"mysql,mariadb",UNDO,5,InnoDB history list length very high,cluster,0,fast,sql,,,any,,,,M,med,"InnoDB history list length >= 1,000,000 undo records.",hll_critical=1000000,information_schema.INNODB_METRICS trx_rseg_history_len (via @dbt_hll),reference/checks-mysql.md#my-undo-001,https://dev.mysql.com/doc/refman/8.4/en/innodb-purge-configuration.html,active,0.1.0,,
MY-DUR-001,"mysql,mariadb",DUR,10,innodb_flush_log_at_trx_commit not 1,setting,0,fast,sql,,,any,,,,S,med,innodb_flush_log_at_trx_commit is 0 or 2.,,"@@GLOBAL.innodb_flush_log_at_trx_commit, @@GLOBAL.innodb_flush_log_at_timeout",reference/checks-mysql.md#my-dur-001,https://dev.mysql.com/doc/refman/8.4/en/innodb-parameters.html#sysvar_innodb_flush_log_at_trx_commit,active,0.1.0,,
MY-DUR-002,"mysql,mariadb",DUR,10,sync_binlog not 1,setting,0,fast,sql,,,any,,,,S,med,log_bin ON and sync_binlog <> 1.,,"@@GLOBAL.sync_binlog, @@GLOBAL.log_bin",reference/checks-mysql.md#my-dur-002,https://dev.mysql.com/doc/refman/8.4/en/replication-options-binary-log.html#sysvar_sync_binlog,active,0.1.0,,
MY-LOCK-001,"mysql,mariadb",LOCK,10,Transaction waiting on a row lock for over 5 minutes,session,0,fast,sql,,,any,PROCESS,,,S,med,A transaction has waited >= 300 s for a row lock.,lock_wait_critical_seconds=300;lock_wait_warn_seconds=30,"information_schema.INNODB_TRX (trx_wait_started, trx_state), PROCESSLIST",reference/checks-mysql.md#my-lock-001,https://dev.mysql.com/doc/refman/8.4/en/innodb-locking.html,active,0.1.0,,
MY-LOCK-004,"mysql,mariadb",LOCK,10,Idle transaction holding locks for over an hour,session,0,fast,sql,,,any,PROCESS,,,S,med,An idle transaction has held row locks >= 1 h.,idle_txn_critical_seconds=3600;idle_txn_warn_seconds=300,information_schema.INNODB_TRX joined to PROCESSLIST (COMMAND='Sleep'),reference/checks-mysql.md#my-lock-004,https://dev.mysql.com/doc/refman/8.4/en/innodb-locking.html,active,0.1.0,,
MY-REL-005,"mysql,mariadb",REL,10,Server restarted within the last 24 hours,cluster,0,fast,sql,,,any,,,,S,low,"Uptime < 86,400 s.",recent_restart_seconds=86400,@dbt_s_uptime,reference/checks-mysql.md#my-rel-005,https://dev.mysql.com/doc/refman/8.4/en/server-status-variables.html#statvar_Uptime,active,0.1.0,,
MY-REPL-002,"mysql,mariadb",REPL,10,Replication threads stopped without an error,replica,0,fast,sql,,,standby,SELECT ON performance_schema.*,,,S,med,A replication thread is not running and no error is recorded.,,@dbt_repl_io_state / @dbt_repl_sql_state / @dbt_repl_err_no,reference/checks-mysql.md#my-repl-002,https://dev.mysql.com/doc/refman/8.4/en/replication-administration-status.html,active,0.1.0,,
MY-REPL-005,"mysql,mariadb",REPL,10,Replica is writable,replica,0,fast,sql,,,standby,,,,S,med,Replica with read_only OFF or super_read_only OFF.,,"@@GLOBAL.read_only, @dbt_v_super_read_only, @dbt_is_replica",reference/checks-mysql.md#my-repl-005,https://dev.mysql.com/doc/refman/8.4/en/server-system-variables.html#sysvar_super_read_only,active,0.1.0,,
MY-BAK-003,"mysql,mariadb",BAK,20,Binary log retention shorter than one day,setting,0,fast,sql,,,any,,,,S,low,"Effective binary log retention < 86,400 s.",min_retention_seconds=86400,"@dbt_v_binlog_expire_logs_seconds, @dbt_v_expire_logs_days, @@GLOBAL.log_bin",reference/checks-mysql.md#my-bak-003,https://dev.mysql.com/doc/refman/8.4/en/replication-options-binary-log.html#sysvar_binlog_expire_logs_seconds,active,0.1.0,,
MY-CAP-002,"mysql,mariadb",CAP,20,Volume at or above 80 percent full,host,0,fast,os,,,any,os,rds;aurora;cloudsql;azure,,M,med,A MySQL volume is >= 80% full.,,,reference/checks-mysql.md#my-cap-002,https://dev.mysql.com/doc/refman/8.4/en/disk-issues.html,active,0.1.0,,
MY-CAP-003,"mysql,mariadb",CAP,20,Projected disk-full within 30 days,host,0,fast,derived,,,any,os,,,M,med,Projected disk-full within 30 days from snapshot growth.,,,reference/checks-mysql.md#my-cap-003,https://dev.mysql.com/doc/refman/8.4/en/disk-issues.html,planned,0.1.0,,
MY-CONN-003,"mysql,mariadb",CONN,20,Clients refused because max_connections was reached,cluster,0,fast,sql,,,any,,,,S,med,Connection_errors_max_connections > 0.,,@dbt_s_connection_errors_max_connections,reference/checks-mysql.md#my-conn-003,https://dev.mysql.com/doc/refman/8.4/en/server-status-variables.html#statvar_Connection_errors_xxx,active,0.1.0,,
MY-LOCK-003,"mysql,mariadb",LOCK,20,Transaction open for over an hour,session,0,fast,sql,,,any,PROCESS,,,S,med,A transaction has been open >= 1 h.,long_txn_seconds=3600,"information_schema.INNODB_TRX (trx_started), PROCESSLIST",reference/checks-mysql.md#my-lock-003,https://dev.mysql.com/doc/refman/8.4/en/innodb-transaction-model.html,active,0.1.0,,
MY-MEM-001,"mysql,mariadb",MEM,20,InnoDB buffer pool at the shipped default,setting,0,fast,sql,,,any,,,rds=200;aurora=200;cloudsql=200;azure=200,S,low,innodb_buffer_pool_size <= 128 MB with innodb_dedicated_server OFF.,default_pool_bytes=134217728,"@@GLOBAL.innodb_buffer_pool_size, @dbt_v_innodb_dedicated_server",reference/checks-mysql.md#my-mem-001,https://dev.mysql.com/doc/refman/8.4/en/innodb-buffer-pool-resize.html,active,0.1.0,,
MY-REL-001,"mysql,mariadb",REL,20,Server version is past end of life,cluster,0,fast,sql,,,any,,,vitess=200,L,med,The server's release branch is past its end-of-life date.,eol_as_of=2026-09-02,"@@GLOBAL.version, @dbt_fork, and the embedded release table below",reference/checks-mysql.md#my-rel-001,https://endoflife.date/mysql,active,0.1.0,,
MY-SCHEMA-001,"mysql,mariadb",SCHEMA,20,InnoDB tables without a primary key on a replicated source,relation,1,fast,sql,,,any,,,,L,med,An InnoDB table has no primary key and row-based binary logging is in use.,max_listed=20,"information_schema.TABLES, information_schema.STATISTICS (PRIMARY), @@GLOBAL.binlog_format, @@GLOBAL.log_bin, @dbt_binlog_dump_threads",reference/checks-mysql.md#my-schema-001,https://dev.mysql.com/doc/refman/8.4/en/replication-features-differing-tables.html,active,0.1.0,,
MY-BAK-004,"mysql,mariadb",BAK,50,Binary logs never expire,setting,0,fast,sql,,,any,,rds;aurora;cloudsql;azure,,S,low,log_bin ON and both retention variables are 0.,,"@dbt_v_binlog_expire_logs_seconds, @dbt_v_expire_logs_days, @@GLOBAL.log_bin",reference/checks-mysql.md#my-bak-004,https://dev.mysql.com/doc/refman/8.4/en/replication-options-binary-log.html#sysvar_binlog_expire_logs_seconds,active,0.1.0,,
MY-BAK-005,"mysql,mariadb",BAK,50,Restore never tested or RPO/RTO undocumented,interview,0,fast,interview,,,any,interview,,,M,low,"Last restore test > 90 days, never, or unknown.",,,reference/checks-mysql.md#my-bak-005,https://dev.mysql.com/doc/refman/8.4/en/backup-and-recovery.html,active,0.1.0,,
MY-CAP-006,"mysql,mariadb",CAP,50,Binary logs consuming excessive space,cluster,0,fast,derived,,,any,REPLICATION CLIENT,,,S,low,Binary logs occupy >= 100 GB or >= 25% of data size.,,,reference/checks-mysql.md#my-cap-006,https://dev.mysql.com/doc/refman/8.4/en/purge-binary-logs.html,planned,0.1.0,,
MY-CAP-007,"mysql,mariadb",CAP,50,General query log enabled,setting,0,fast,sql,,,any,,,,S,low,general_log = ON.,,"@@GLOBAL.general_log, @@GLOBAL.log_output, @dbt_s_questions",reference/checks-mysql.md#my-cap-007,https://dev.mysql.com/doc/refman/8.4/en/query-log.html,active,0.1.0,,
MY-CONN-002,"mysql,mariadb",CONN,50,Connections at or above 70 percent of max_connections,cluster,0,fast,sql,,,any,,,,S,low,Threads_connected or Max_used_connections >= 70% and < 90%.,conn_warn_ratio=0.70;conn_critical_ratio=0.90,as MY-CONN-001,reference/checks-mysql.md#my-conn-002,https://dev.mysql.com/doc/refman/8.4/en/too-many-connections.html,active,0.1.0,,
MY-CONN-006,"mysql,mariadb",CONN,50,max_connections very high with no thread pool and no evidence of a pooler,setting,0,fast,sql,,,any,PROCESS,,,L,med,"max_connections >= 1000, no thread pool, and connections are not concentrated.",high_max_connections=1000;pooler_host_concentration=0.80;pooler_max_hosts=3,"@@GLOBAL.max_connections, @dbt_v_thread_handling, information_schema.PLUGINS (thread_pool), information_schema.PROCESSLIST",reference/checks-mysql.md#my-conn-006,https://dev.mysql.com/doc/refman/8.4/en/connection-interfaces.html,active,0.1.0,,
MY-CONN-009,"mysql,mariadb",CONN,50,Server saturated at snapshot time,cluster,0,fast,sql,,,any,,,,M,low,"Threads_running >= 2 per core, or >= 64 when cores are unknown.",running_per_core=2;running_absolute=64,"@dbt_s_threads_running, @dbt_cpu_count",reference/checks-mysql.md#my-conn-009,https://dev.mysql.com/doc/refman/8.4/en/server-status-variables.html#statvar_Threads_running,active,0.1.0,,
MY-DUR-006,"mysql,mariadb",DUR,50,InnoDB page checksums disabled,setting,0,fast,sql,,,any,,,,L,med,innodb_checksum_algorithm = none.,,"@dbt_v_innodb_checksum_algorithm (bundle: present in MySQL 5.6+ and MariaDB 10.x, but read through the bundle so a fork that drops it yields NULL and this check stays silent instead of erroring)",reference/checks-mysql.md#my-dur-006,https://dev.mysql.com/doc/refman/8.4/en/innodb-parameters.html#sysvar_innodb_checksum_algorithm,active,0.1.0,,
MY-DUR-007,"mysql,mariadb",DUR,50,Non-transactional storage engines in use,relation,1,fast,sql,,,any,,,,L,med,Any user table uses a non-transactional storage engine.,max_rows=20,information_schema.TABLES,reference/checks-mysql.md#my-dur-007,https://dev.mysql.com/doc/refman/8.4/en/storage-engines.html,active,0.1.0,,
MY-IDX-001,"mysql,mariadb",IDX,50,Unused index of 1 GB or more,index,1,fast,sql,,,any,SELECT ON performance_schema.*;SELECT ON mysql.*,,,S,med,An index >= 1 GB has zero reads since restart.,unused_index_bytes=1073741824;min_uptime_days=30,"sys.schema_unused_indexes, or performance_schema.table_io_waits_summary_by_index_usage directly; mysql.innodb_index_stats (stat_name='size') x @@innodb_page_size for size",reference/checks-mysql.md#my-idx-001,https://dev.mysql.com/doc/refman/8.4/en/sys-schema-unused-indexes.html,active,0.1.0,,
MY-IDX-003,"mysql,mariadb",IDX,50,Redundant or duplicate indexes,index,1,fast,sql,,,any,,,,S,low,"An index is a leftmost prefix of, or identical to, another index.",,"sys.schema_redundant_indexes, or an information_schema.STATISTICS self-join where sys is absent",reference/checks-mysql.md#my-idx-003,https://dev.mysql.com/doc/refman/8.4/en/sys-schema-redundant-indexes.html,active,0.1.0,,
MY-IDX-004,"mysql,mariadb",IDX,50,Large table with heavy full table scans,relation,1,fast,sql,,,any,SELECT ON performance_schema.*,,,M,low,A table >= 1 GB has >= 10 M rows read without an index.,scan_table_bytes=1073741824;rows_full_scanned=10000000,"sys.schema_tables_with_full_table_scans (object_schema, object_name, rows_full_scanned), information_schema.TABLES for size",reference/checks-mysql.md#my-idx-004,https://dev.mysql.com/doc/refman/8.4/en/sys-schema-tables-with-full-table-scans.html,active,0.1.0,,
MY-LOCK-002,"mysql,mariadb",LOCK,50,Transaction waiting on a row lock for over 30 seconds,session,0,fast,sql,,,any,PROCESS,,,S,low,A transaction has waited >= 30 s and < 300 s for a row lock.,lock_wait_warn_seconds=30;lock_wait_critical_seconds=300,"information_schema.INNODB_TRX, PROCESSLIST",reference/checks-mysql.md#my-lock-002,https://dev.mysql.com/doc/refman/8.4/en/innodb-locking.html,active,0.1.0,,
MY-LOCK-005,"mysql,mariadb",LOCK,50,Idle transaction holding locks for over 5 minutes,session,0,fast,sql,,,any,PROCESS,,,S,low,An idle transaction has held row locks >= 5 min and < 1 h.,idle_txn_warn_seconds=300;idle_txn_critical_seconds=3600,information_schema.INNODB_TRX joined to PROCESSLIST,reference/checks-mysql.md#my-lock-005,https://dev.mysql.com/doc/refman/8.4/en/innodb-locking.html,active,0.1.0,,
MY-LOCK-006,"mysql,mariadb",LOCK,50,Sessions waiting for a metadata lock,cluster,0,fast,sql,,,any,PROCESS,,,S,high,A session has waited >= 30 s for a table metadata lock.,mdl_wait_seconds=30,information_schema.PROCESSLIST (STATE = 'Waiting for table metadata lock'),reference/checks-mysql.md#my-lock-006,https://dev.mysql.com/doc/refman/8.4/en/metadata-locking.html,active,0.1.0,,
MY-MEM-002,"mysql,mariadb",MEM,50,Buffer pool far smaller than the InnoDB working set,setting,1,fast,sql,,,any,,,,M,low,Buffer pool < 25% of InnoDB data and < 50% of RAM where RAM is known.,pool_to_data_ratio=0.25;pool_to_ram_ratio=0.50,"@@GLOBAL.innodb_buffer_pool_size, information_schema.TABLES, @dbt_ram_bytes",reference/checks-mysql.md#my-mem-002,https://dev.mysql.com/doc/refman/8.4/en/innodb-buffer-pool-resize.html,active,0.1.0,,
MY-MEM-007,"mysql,mariadb",MEM,50,Worst-case memory commitment exceeds host RAM,cluster,0,fast,sql,,,any,,,,M,med,"Worst-case memory commitment >= host RAM, or RAM unknown.",commitment_ratio=1.0,"@@GLOBAL.innodb_buffer_pool_size, innodb_log_buffer_size, key_buffer_size, max_connections, sort/join/read/read_rnd buffers, binlog_cache_size, thread_stack, tmp_table_size, @dbt_ram_bytes",reference/checks-mysql.md#my-mem-007,https://dev.mysql.com/doc/refman/8.4/en/memory-use.html,active,0.1.0,,
MY-MEM-011,"mysql,mariadb",MEM,50,Host is swapping,host,0,fast,os,,,any,os,rds;aurora;cloudsql;azure,,M,med,"Swap in use >= 1 GB, or non-zero swap-in/swap-out.",,,reference/checks-mysql.md#my-mem-011,https://dev.mysql.com/doc/refman/8.4/en/memory-use.html,active,0.1.0,,
MY-REPL-006,"mysql,mariadb",REPL,50,GTID not in use in a replicated topology,cluster,0,fast,sql,,,any,,,,L,med,Replication configured and GTID not in use.,,"@dbt_v_gtid_mode (MySQL), @dbt_repl_using_gtid (both), @dbt_v_gtid_strict_mode / @dbt_v_gtid_binlog_pos (MariaDB)",reference/checks-mysql.md#my-repl-006,https://dev.mysql.com/doc/refman/8.4/en/replication-gtids.html,active,0.1.0,,
MY-REPL-007,"mysql,mariadb",REPL,50,Statement-based binary logging,setting,0,fast,sql,,,any,,,,M,med,log_bin ON and binlog_format = STATEMENT.,,"@@GLOBAL.binlog_format, @@GLOBAL.log_bin",reference/checks-mysql.md#my-repl-007,https://dev.mysql.com/doc/refman/8.4/en/binary-log-formats.html,active,0.1.0,,
MY-REPL-008,"mysql,mariadb",REPL,50,Replication errors are being skipped,setting,0,fast,sql,,,any,,,,S,high,"skip_errors is set, or exec_mode is IDEMPOTENT.",,"@dbt_v_replica_skip_errors / @dbt_v_slave_skip_errors, @dbt_v_replica_exec_mode / @dbt_v_slave_exec_mode",reference/checks-mysql.md#my-repl-008,https://dev.mysql.com/doc/refman/8.4/en/replication-options-replica.html#sysvar_replica_skip_errors,active,0.1.0,,
MY-REPL-009,"mysql,mariadb",REPL,50,Semi-synchronous replication has fallen back to asynchronous,cluster,0,fast,sql,,,any,,,,M,med,Semi-sync enabled but its status variable reads OFF.,,"@dbt_v_rpl_semi_sync_source_enabled / @dbt_v_rpl_semi_sync_master_enabled, @dbt_s_rpl_semi_sync_source_status / @dbt_s_rpl_semi_sync_master_status, @dbt_s_rpl_semi_sync_*_no_tx",reference/checks-mysql.md#my-repl-009,https://dev.mysql.com/doc/refman/8.4/en/replication-semisync.html,active,0.1.0,,
MY-REPL-015,"mysql,mariadb",REPL,50,Replication filters configured,cluster,0,fast,sql,,,any,,,,M,med,Any replication filter is configured.,,"performance_schema.replication_applier_filters / replication_applier_global_filters (MySQL 8.0.1+); @dbt_v_replicate_* bundle variables (MariaDB, and MySQL where the performance_schema tables are unavailable)",reference/checks-mysql.md#my-repl-015,https://dev.mysql.com/doc/refman/8.4/en/replication-rules.html,active,0.1.0,,
MY-SCHEMA-004,"mysql,mariadb",SCHEMA,50,sql_mode is not strict,setting,0,fast,sql,,,any,,,,M,high,Global sql_mode lacks a STRICT mode or a zero-date restriction.,,@dbt_global_sql_mode (the GLOBAL value captured in 01_session.sql BEFORE this session changed its own sql_mode),reference/checks-mysql.md#my-schema-004,https://dev.mysql.com/doc/refman/8.4/en/sql-mode.html#sql-mode-strict,active,0.1.0,,
MY-SCHEMA-006,"mysql,mariadb",SCHEMA,50,AUTO_INCREMENT at or above 70 percent exhausted,relation,1,fast,sql,,,any,,,,L,high,AUTO_INCREMENT >= 70% and < 90% of the column type maximum.,autoinc_critical_ratio=0.90;autoinc_warn_ratio=0.70,"sys.schema_auto_increment_columns, with an information_schema fallback",reference/checks-mysql.md#my-schema-006,https://dev.mysql.com/doc/refman/8.4/en/example-auto-increment.html,active,0.1.0,,
MY-SCHEMA-007,"mysql,mariadb",SCHEMA,50,Integrity checks disabled globally,setting,0,fast,sql,,,any,,,,S,high,foreign_key_checks or unique_checks is OFF at global scope.,,"@@GLOBAL.foreign_key_checks, @@GLOBAL.unique_checks",reference/checks-mysql.md#my-schema-007,https://dev.mysql.com/doc/refman/8.4/en/server-system-variables.html#sysvar_foreign_key_checks,active,0.1.0,,
MY-SCHEMA-013,"mysql,mariadb",SCHEMA,50,Shared InnoDB tablespace in use,relation,1,fast,sql,,,any,,,,L,high,"innodb_file_per_table OFF, or tables remain in the system tablespace.",,"@@GLOBAL.innodb_file_per_table, information_schema.INNODB_TABLES (MySQL 8.0) or information_schema.INNODB_SYS_TABLES (MySQL 5.7 / MariaDB)",reference/checks-mysql.md#my-schema-013,https://dev.mysql.com/doc/refman/8.4/en/innodb-file-per-table-tablespaces.html,active,0.1.0,,
MY-SEC-008,"mysql,mariadb",SEC,50,Application connections running as a privileged account,role,0,fast,sql,,,any,PROCESS;SELECT ON mysql.*,,,M,med,>= 5 concurrent non-local connections from a privileged account.,privileged_conn_count=5,information_schema.PROCESSLIST joined to the normalised account source,reference/checks-mysql.md#my-sec-008,https://dev.mysql.com/doc/refman/8.4/en/privileges-provided.html,active,0.1.0,,
MY-UNDO-002,"mysql,mariadb",UNDO,50,InnoDB history list length elevated,cluster,0,fast,sql,,,any,,,,M,low,"InnoDB history list length >= 100,000 and < 1,000,000.",hll_elevated=100000;hll_critical=1000000,information_schema.INNODB_METRICS trx_rseg_history_len (via @dbt_hll),reference/checks-mysql.md#my-undo-002,https://dev.mysql.com/doc/refman/8.4/en/innodb-purge-configuration.html,active,0.1.0,,
MY-UNDO-003,"mysql,mariadb",UNDO,50,Undo tablespaces large,cluster,0,fast,sql,,,any,,,,M,med,"Undo storage >= 10 GB, or >= 2 GB with innodb_undo_log_truncate OFF.",undo_bytes=10737418240;undo_bytes_no_truncate=2147483648,"information_schema.FILES (MySQL 8.0, FILE_TYPE='UNDO LOG'); information_schema.INNODB_SYS_TABLESPACES (MariaDB, NAME LIKE 'innodb_undo%'); @@GLOBAL.innodb_undo_tablespaces, @@GLOBAL.innodb_undo_log_truncate",reference/checks-mysql.md#my-undo-003,https://dev.mysql.com/doc/refman/8.4/en/innodb-undo-tablespaces.html,active,0.1.0,,
MY-WAL-001,"mysql,mariadb",WAL,50,Redo log capacity below one hour of writes,setting,0,fast,sql,,,any,,,,M,med,Redo capacity holds less than one hour of the observed redo write rate.,redo_hours=1;min_write_rate_bytes_per_hour=10485760;small_capacity_bytes=104857600,"@dbt_v_innodb_redo_log_capacity (MySQL 8.0.30+), @dbt_v_innodb_log_file_size x @dbt_v_innodb_log_files_in_group (older MySQL, MariaDB), @dbt_s_innodb_os_log_written, @dbt_uptime_s",reference/checks-mysql.md#my-wal-001,https://dev.mysql.com/doc/refman/8.4/en/innodb-redo-log.html,active,0.1.0,,
MY-BAK-006,"mysql,mariadb",BAK,100,Binary log checksums off,setting,0,fast,sql,,,any,,,,S,low,binlog_checksum = NONE with log_bin ON.,,"@@GLOBAL.binlog_checksum, @@GLOBAL.master_verify_checksum equivalents",reference/checks-mysql.md#my-bak-006,https://dev.mysql.com/doc/refman/8.4/en/replication-options-binary-log.html#sysvar_binlog_checksum,active,0.1.0,,
MY-BAK-007,"mysql,mariadb",BAK,100,Managed-platform backups not verifiable from SQL,cluster,0,fast,derived,,,any,,,,S,low,A managed platform was fingerprinted.,,,reference/checks-mysql.md#my-bak-007,https://dev.mysql.com/doc/refman/8.4/en/backup-methods.html,active,0.1.0,,
MY-CAP-008,"mysql,mariadb",CAP,100,InnoDB temporary tablespace large,cluster,0,fast,sql,,,any,,,,M,med,The InnoDB temporary tablespace is >= 10 GB.,temp_tablespace_bytes=10737418240,"information_schema.FILES (MySQL 8.0, FILE_TYPE='TEMPORARY') or information_schema.INNODB_SYS_TABLESPACES (MariaDB, NAME='innodb_temporary'); @dbt_v_innodb_temp_data_file_path",reference/checks-mysql.md#my-cap-008,https://dev.mysql.com/doc/refman/8.4/en/innodb-temporary-tablespace.html,active,0.1.0,,
MY-CONN-004,"mysql,mariadb",CONN,100,Aborted connections high,cluster,0,fast,sql,,,any,,,,M,low,Aborted_connects or Aborted_clients >= 1% of Connections.,aborted_ratio=0.01;min_connections=10000,"@dbt_s_aborted_connects, @dbt_s_aborted_clients, @dbt_s_connections",reference/checks-mysql.md#my-conn-004,https://dev.mysql.com/doc/refman/8.4/en/communication-errors.html,active,0.1.0,,
MY-CONN-005,"mysql,mariadb",CONN,100,Host approaching the connect-error block threshold,host,0,fast,sql,,,any,SELECT ON performance_schema.*,,,S,low,A host has reached 50% of max_connect_errors.,connect_error_ratio=0.50,"performance_schema.host_cache (SUM_CONNECT_ERRORS), @@GLOBAL.max_connect_errors",reference/checks-mysql.md#my-conn-005,https://dev.mysql.com/doc/refman/8.4/en/host-cache.html,active,0.1.0,,
MY-CONN-007,"mysql,mariadb",CONN,100,Most connections are sleeping,cluster,0,fast,sql,,,any,PROCESS,,,M,low,">= 80% of >= 100 connections idle with wait_timeout >= 28,800 s.",sleep_ratio=0.80;min_conns=100;long_wait_timeout=28800,"information_schema.PROCESSLIST, @@GLOBAL.wait_timeout",reference/checks-mysql.md#my-conn-007,https://dev.mysql.com/doc/refman/8.4/en/server-system-variables.html#sysvar_wait_timeout,active,0.1.0,,
MY-DUR-008,"mysql,mariadb",DUR,100,Replica not crash-safe,replica,0,fast,sql,,,any,,,,S,low,"Replica with relay_log_recovery OFF, or FILE-based position repositories.",,"@dbt_v_relay_log_recovery, @dbt_v_master_info_repository, @dbt_v_relay_log_info_repository, @dbt_is_replica",reference/checks-mysql.md#my-dur-008,https://dev.mysql.com/doc/refman/8.4/en/replica-logs.html,active,0.1.0,,
MY-IDX-005,"mysql,mariadb",IDX,100,Write-heavy table carrying many indexes,relation,1,fast,sql,,,any,SELECT ON performance_schema.*,,,M,med,A table with >= 10 indexes has taken >= 1 M row writes.,many_indexes=10;min_writes=1000000,"information_schema.STATISTICS (index count), sys.schema_table_statistics (rows_inserted + rows_updated + rows_deleted)",reference/checks-mysql.md#my-idx-005,https://dev.mysql.com/doc/refman/8.4/en/optimization-indexes.html,active,0.1.0,,
MY-IDX-006,"mysql,mariadb",IDX,100,Table fragmentation (DATA_FREE) high,relation,1,fast,sql,,,any,,,,L,med,DATA_FREE >= 30% of data plus index on a table >= 1 GB.,fragmented_table_bytes=1073741824;data_free_ratio=0.30,"information_schema.TABLES (DATA_FREE, DATA_LENGTH, INDEX_LENGTH), @@GLOBAL.innodb_file_per_table",reference/checks-mysql.md#my-idx-006,https://dev.mysql.com/doc/refman/8.4/en/optimize-table.html,active,0.1.0,,
MY-LOCK-009,"mysql,mariadb",LOCK,100,Query running for over 10 minutes,session,0,fast,sql,,,any,PROCESS,,,S,low,A non-replication query has run >= 600 s.,long_query_seconds=600,information_schema.PROCESSLIST,reference/checks-mysql.md#my-lock-009,https://dev.mysql.com/doc/refman/8.4/en/show-processlist.html,active,0.1.0,,
MY-MEM-003,"mysql,mariadb",MEM,100,Buffer pool over 80 percent of host RAM,setting,0,fast,sql,,,any,os,,,M,med,Buffer pool >= 80% of host RAM.,pool_ram_ceiling=0.80,"@@GLOBAL.innodb_buffer_pool_size, @dbt_ram_bytes",reference/checks-mysql.md#my-mem-003,https://dev.mysql.com/doc/refman/8.4/en/innodb-buffer-pool-resize.html,active,0.1.0,,
MY-MEM-004,"mysql,mariadb",MEM,100,Buffer pool read miss rate high,cluster,0,fast,sql,,,any,,,,M,low,Buffer pool miss rate >= 5% over >= 10 M read requests.,miss_ratio=0.05;min_read_requests=10000000,"@dbt_s_innodb_buffer_pool_reads, @dbt_s_innodb_buffer_pool_read_requests",reference/checks-mysql.md#my-mem-004,https://dev.mysql.com/doc/refman/8.4/en/innodb-buffer-pool.html,active,0.1.0,,
MY-MEM-005,"mysql,mariadb",MEM,100,Implicit temporary tables spilling to disk,cluster,0,fast,sql,,,any,,,,M,low,"Disk temp table ratio >= 25% and >= 1,000/hour.",disk_tmp_ratio=0.25;disk_tmp_per_hour=1000,"@dbt_s_created_tmp_tables, @dbt_s_created_tmp_disk_tables, @@GLOBAL.tmp_table_size, @@GLOBAL.max_heap_table_size, @dbt_v_temptable_max_ram",reference/checks-mysql.md#my-mem-005,https://dev.mysql.com/doc/refman/8.4/en/internal-temporary-tables.html,active,0.1.0,,
MY-MEM-006,"mysql,mariadb",MEM,100,Oversized per-session buffers,setting,0,fast,sql,,,any,,,,S,med,Any per-session buffer >= 8 MB globally.,session_buffer_bytes=8388608,"@@GLOBAL.sort_buffer_size, join_buffer_size, read_buffer_size, read_rnd_buffer_size",reference/checks-mysql.md#my-mem-006,https://dev.mysql.com/doc/refman/8.4/en/server-system-variables.html#sysvar_sort_buffer_size,active,0.1.0,,
MY-MEM-008,"mysql,mariadb",MEM,100,"Table open cache too small, or open-file limit at risk",setting,0,fast,sql,,,any,,,,S,low,"Table cache overflows >= 1/min, Opened_tables >= 10/s, or open files >= 80% of the limit.",overflows_per_minute=1;opened_tables_per_second=10;open_files_ratio=0.80,"@dbt_s_table_open_cache_overflows, @dbt_s_opened_tables, @dbt_s_open_files, @@GLOBAL.table_open_cache, @@GLOBAL.open_files_limit, @dbt_v_table_definition_cache",reference/checks-mysql.md#my-mem-008,https://dev.mysql.com/doc/refman/8.4/en/table-cache.html,active,0.1.0,,
MY-QRY-001,"mysql,mariadb",QRY,100,performance_schema disabled,setting,0,fast,sql,,,any,,,,M,low,performance_schema = OFF.,,@@GLOBAL.performance_schema,reference/checks-mysql.md#my-qry-001,https://dev.mysql.com/doc/refman/8.4/en/performance-schema-quick-start.html,active,0.1.0,,
MY-QRY-003,"mysql,mariadb",QRY,100,"Slow query log off, or its threshold at the default",setting,0,fast,sql,,,any,,,,S,low,"slow_query_log OFF, or long_query_time >= 10 s.",long_query_seconds=10;recommended_long_query_seconds=1,"@@GLOBAL.slow_query_log, @@GLOBAL.long_query_time, @dbt_v_log_slow_extra (MySQL 8.0.14+) / @dbt_v_log_slow_verbosity (MariaDB)",reference/checks-mysql.md#my-qry-003,https://dev.mysql.com/doc/refman/8.4/en/slow-query-log.html,active,0.1.0,,
MY-QRY-010,"mysql,mariadb",QRY,100,One statement digest dominates total latency,query,1,fast,sql,,,any,SELECT ON performance_schema.*,,,M,low,"One digest holds >= 25% of total statement time with >= 1,000 executions.",dominance_ratio=0.25;min_executions=1000,performance_schema.events_statements_summary_by_digest,reference/checks-mysql.md#my-qry-010,https://dev.mysql.com/doc/refman/8.4/en/performance-schema-statement-summary-tables.html,active,0.1.0,,
MY-QRY-012,"mysql,mariadb",QRY,100,Join and scan counters high,cluster,0,fast,sql,,,any,,,,M,low,Select_full_join >= 1% or Select_scan >= 20% of Questions.,full_join_ratio=0.01;scan_ratio=0.20;min_questions=100000,"@dbt_s_select_full_join, @dbt_s_select_scan, @dbt_s_select_range_check, @dbt_s_questions",reference/checks-mysql.md#my-qry-012,https://dev.mysql.com/doc/refman/8.4/en/server-status-variables.html#statvar_Select_full_join,active,0.1.0,,
MY-REL-003,"mysql,mariadb",REL,100,Server version within six months of end of life,cluster,0,fast,sql,,,any,,,,L,med,The server's release branch reaches end of life within 180 days.,eol_warning_days=180;eol_as_of=2026-09-02,as MY-REL-001,reference/checks-mysql.md#my-rel-003,https://endoflife.date/mysql,active,0.1.0,,
MY-REL-004,"mysql,mariadb",REL,100,Patch release behind,cluster,0,fast,derived,,,any,,,,M,low,The server is >= 2 patch releases behind its branch.,,,reference/checks-mysql.md#my-rel-004,https://endoflife.date/mysql,planned,0.1.0,,
MY-REL-006,"mysql,mariadb",REL,100,No evidence of a monitoring agent,cluster,0,fast,sql,,,any,PROCESS;SELECT ON mysql.*,,,M,low,No account or session name matches a known monitoring agent.,,"information_schema.PROCESSLIST (USER, HOST), information_schema.USER_PRIVILEGES",reference/checks-mysql.md#my-rel-006,https://dev.mysql.com/doc/refman/8.4/en/performance-schema.html,active,0.1.0,,
MY-REPL-011,"mysql,mariadb",REPL,100,Single-threaded replica applier while lagging,setting,0,fast,sql,,,any,,,,S,low,Replica lagging with <= 1 applier worker.,lag_warn_seconds=30,"@dbt_v_replica_parallel_workers / @dbt_v_slave_parallel_workers, @dbt_repl_lag_s",reference/checks-mysql.md#my-repl-011,https://dev.mysql.com/doc/refman/8.4/en/replication-options-replica.html#sysvar_replica_parallel_workers,active,0.1.0,,
MY-REPL-013,"mysql,mariadb",REPL,100,Replication heartbeat or connection retry misconfigured,replica,0,fast,sql,,,standby,SELECT ON performance_schema.*,,,S,low,"Retry interval >= 600 s, retry count 0, or heartbeat interval 0.",max_retry_interval=600;min_heartbeat_seconds=0,"performance_schema.replication_connection_configuration (CONNECTION_RETRY_INTERVAL, CONNECTION_RETRY_COUNT, HEARTBEAT_INTERVAL) via @dbt_repl_retry_* / @dbt_repl_heartbeat, set in 01_session.sql §6c",reference/checks-mysql.md#my-repl-013,https://dev.mysql.com/doc/refman/8.4/en/replication-administration-status.html,active,0.1.0,,
MY-REPL-014,"mysql,mariadb",REPL,100,binlog_row_image MINIMAL with logical consumers configured,setting,0,fast,sql,,,any,interview,,,S,low,binlog_row_image = MINIMAL with logical consumers declared.,,"@@GLOBAL.binlog_row_image, @dbt_v_binlog_row_metadata",reference/checks-mysql.md#my-repl-014,https://dev.mysql.com/doc/refman/8.4/en/replication-options-binary-log.html#sysvar_binlog_row_image,active,0.1.0,,
MY-SCHEMA-002,"mysql,mariadb",SCHEMA,100,InnoDB tables without a primary key,relation,1,fast,sql,,,any,,,,L,med,An InnoDB table has no primary key and row-based binary logging is not in use.,max_listed=20,"information_schema.TABLES, information_schema.STATISTICS (PRIMARY), @@GLOBAL.binlog_format, @@GLOBAL.log_bin, @dbt_binlog_dump_threads",reference/checks-mysql.md#my-schema-002,https://dev.mysql.com/doc/refman/8.4/en/innodb-index-types.html,active,0.1.0,,
MY-SCHEMA-008,"mysql,mariadb",SCHEMA,100,Leftover online-schema-change artefacts,relation,1,fast,sql,,,any,,,,S,med,A shadow table or pt-osc trigger from an interrupted schema change remains.,,"information_schema.TABLES, information_schema.TRIGGERS",reference/checks-mysql.md#my-schema-008,https://dev.mysql.com/doc/refman/8.4/en/innodb-online-ddl.html,active,0.1.0,,
MY-SEC-004,"mysql,mariadb",SEC,100,Application accounts allowed from any host,role,0,fast,sql,,,any,SELECT ON mysql.*,,,M,med,A non-privileged account has a wildcard host pattern.,,normalised account source @dbt_acct_src,reference/checks-mysql.md#my-sec-004,https://dev.mysql.com/doc/refman/8.4/en/account-names.html,active,0.1.0,,
MY-SEC-005,"mysql,mariadb",SEC,100,"TLS not enforced, or largely unused",setting,0,fast,sql,,,any,,,,M,med,require_secure_transport OFF and TLS used by < 50% of connections.,tls_usage_ratio=0.50,"@dbt_v_require_secure_transport, @dbt_v_have_ssl, @dbt_v_tls_version, @dbt_s_ssl_accepts, @dbt_s_connections",reference/checks-mysql.md#my-sec-005,https://dev.mysql.com/doc/refman/8.4/en/using-encrypted-connections.html,active,0.1.0,,
MY-SEC-009,"mysql,mariadb",SEC,100,LOAD DATA LOCAL enabled,setting,0,fast,sql,,,any,,,,S,low,local_infile = ON.,,@@GLOBAL.local_infile,reference/checks-mysql.md#my-sec-009,https://dev.mysql.com/doc/refman/8.4/en/load-data-local-security.html,active,0.1.0,,
MY-SEC-010,"mysql,mariadb",SEC,100,FILE privilege unrestricted by secure_file_priv,setting,0,fast,sql,,,any,SELECT ON mysql.*,,,S,med,secure_file_priv empty and at least one account holds FILE.,,"@dbt_v_secure_file_priv, normalised account source (FILE holders)",reference/checks-mysql.md#my-sec-010,https://dev.mysql.com/doc/refman/8.4/en/server-system-variables.html#sysvar_secure_file_priv,active,0.1.0,,
MY-UNDO-004,"mysql,mariadb",UNDO,100,Purge threads at default on a server that is not purging fast enough,setting,0,fast,sql,,,any,,,,M,low,MY-UNDO-002 fired and innodb_purge_threads <= 4.,hll_elevated=100000;purge_threads=4,"@@GLOBAL.innodb_purge_threads, @dbt_hll",reference/checks-mysql.md#my-undo-004,https://dev.mysql.com/doc/refman/8.4/en/innodb-purge-configuration.html,active,0.1.0,,
MY-WAL-002,"mysql,mariadb",WAL,100,Redo log buffer waits,setting,0,fast,sql,,,any,,,,S,low,Innodb_log_waits > 0 and >= 1/hour.,log_waits_per_hour=1,"@dbt_s_innodb_log_waits, @@GLOBAL.innodb_log_buffer_size",reference/checks-mysql.md#my-wal-002,https://dev.mysql.com/doc/refman/8.4/en/innodb-parameters.html#sysvar_innodb_log_buffer_size,active,0.1.0,,
MY-CONN-008,"mysql,mariadb",CONN,150,Thread cache misses,setting,0,fast,sql,,,any,,,,S,low,"Threads_created >= 1% of Connections over >= 100,000 connections.",thread_miss_ratio=0.01;min_connections=100000,"@dbt_s_threads_created, @dbt_s_connections, @@GLOBAL.thread_cache_size",reference/checks-mysql.md#my-conn-008,https://dev.mysql.com/doc/refman/8.4/en/server-system-variables.html#sysvar_thread_cache_size,active,0.1.0,,
MY-CONN-010,"mysql,mariadb",CONN,150,DNS lookups performed on every connection,setting,0,fast,sql,,,any,,,,S,med,skip_name_resolve = OFF.,,"@@GLOBAL.skip_name_resolve, mysql.user host patterns",reference/checks-mysql.md#my-conn-010,https://dev.mysql.com/doc/refman/8.4/en/host-cache.html#host-cache-dns,active,0.1.0,,
MY-CORR-003,"mysql,mariadb",CORR,150,No integrity verification practice,interview,0,fast,interview,,,any,interview,,,M,low,No integrity verification practice reported in the interview.,,,reference/checks-mysql.md#my-corr-003,https://dev.mysql.com/doc/refman/8.4/en/check-table.html,active,0.1.0,,
MY-IDX-002,"mysql,mariadb",IDX,150,"Unused index (smaller, or statistics window too short)",index,1,fast,sql,,,any,SELECT ON performance_schema.*;SELECT ON mysql.*,,,S,med,An index >= 50 MB and < 1 GB has zero reads since restart.,small_unused_index_bytes=52428800;unused_index_bytes=1073741824;min_uptime_days=30,"sys.schema_unused_indexes, or performance_schema.table_io_waits_summary_by_index_usage directly; mysql.innodb_index_stats (stat_name='size') x @@innodb_page_size for size",reference/checks-mysql.md#my-idx-002,https://dev.mysql.com/doc/refman/8.4/en/sys-schema-unused-indexes.html,active,0.1.0,,
MY-IDX-007,"mysql,mariadb",IDX,150,Single-column index on a very low-cardinality column,index,1,fast,sql,,,any,,,,S,med,A single-column index has cardinality <= 3 on a table >= 100 MB.,low_cardinality=3;idx_table_bytes=104857600,"information_schema.STATISTICS (CARDINALITY), information_schema.TABLES",reference/checks-mysql.md#my-idx-007,https://dev.mysql.com/doc/refman/8.4/en/mysql-indexes.html,active,0.1.0,,
MY-IDX-008,"mysql,mariadb",IDX,150,InnoDB persistent statistics stale,relation,1,fast,sql,,,any,SELECT ON mysql.*,,,S,low,"InnoDB statistics >= 30 days old, or innodb_stats_persistent OFF.",stats_age_days=30;stats_table_bytes=1073741824,"mysql.innodb_table_stats (last_update), @@GLOBAL.innodb_stats_persistent, @@GLOBAL.innodb_stats_auto_recalc",reference/checks-mysql.md#my-idx-008,https://dev.mysql.com/doc/refman/8.4/en/innodb-persistent-stats.html,active,0.1.0,,
MY-IDX-009,"mysql,mariadb",IDX,150,Wide composite indexes,index,1,fast,sql,,,any,,,,M,med,An index spans >= 6 columns on a table >= 100 MB.,wide_index_columns=6;idx_table_bytes=104857600,"information_schema.STATISTICS (SEQ_IN_INDEX, SUB_PART), information_schema.COLUMNS for the declared widths",reference/checks-mysql.md#my-idx-009,https://dev.mysql.com/doc/refman/8.4/en/multiple-column-indexes.html,active,0.1.0,,
MY-LOCK-007,"mysql,mariadb",LOCK,150,Deadlocks occurring regularly,cluster,0,fast,sql,,,any,,,,M,low,>= 1 deadlock/day with >= 7 total.,deadlocks_per_day=1;min_deadlocks=7,"information_schema.INNODB_METRICS lock_deadlocks (via @dbt_lock_deadlocks), @dbt_s_innodb_deadlocks (MariaDB status variable), @@GLOBAL.innodb_print_all_deadlocks",reference/checks-mysql.md#my-lock-007,https://dev.mysql.com/doc/refman/8.4/en/innodb-deadlocks.html,active,0.1.0,,
MY-LOCK-008,"mysql,mariadb",LOCK,150,Table-level lock waits,cluster,0,fast,sql,,,any,,,,L,med,Table lock waits >= 1% of table lock requests.,table_lock_wait_ratio=0.01;min_table_locks=10000,"@dbt_s_table_locks_waited, @dbt_s_table_locks_immediate",reference/checks-mysql.md#my-lock-008,https://dev.mysql.com/doc/refman/8.4/en/internal-locking.html,active,0.1.0,,
MY-MEM-010,"mysql,mariadb",MEM,150,Single buffer pool instance with a large pool,setting,0,fast,sql,,,any,,,,M,low,Pool >= 8 GB with innodb_buffer_pool_instances = 1.,large_pool_bytes=8589934592,"@dbt_v_innodb_buffer_pool_instances, @@GLOBAL.innodb_buffer_pool_size",reference/checks-mysql.md#my-mem-010,https://dev.mysql.com/doc/refman/8.4/en/innodb-multiple-buffer-pools.html,active,0.1.0,,
MY-MEM-012,"mysql,mariadb",MEM,150,innodb_flush_method not O_DIRECT on Linux,setting,0,fast,sql,,,any,,,,M,low,innodb_flush_method not O_DIRECT on Linux with a pool >= 4 GB.,large_pool_bytes=4294967296,"@dbt_v_innodb_flush_method, @@GLOBAL.version_compile_os, @@GLOBAL.innodb_buffer_pool_size",reference/checks-mysql.md#my-mem-012,https://dev.mysql.com/doc/refman/8.4/en/innodb-parameters.html#sysvar_innodb_flush_method,active,0.1.0,,
MY-QRY-002,"mysql,mariadb",QRY,150,Statement digest instrumentation incomplete,setting,0,fast,sql,,,any,SELECT ON performance_schema.*,,,S,low,"statements_digest consumer disabled, or digests lost > 0.",,"performance_schema.setup_consumers (statements_digest), @dbt_s_performance_schema_digest_lost, @dbt_v_performance_schema_digests_size",reference/checks-mysql.md#my-qry-002,https://dev.mysql.com/doc/refman/8.4/en/performance-schema-statement-digests.html,active,0.1.0,,
MY-QRY-011,"mysql,mariadb",QRY,150,Statements failing or warning frequently,query,1,fast,sql,,,any,SELECT ON performance_schema.*,,,M,low,"A digest errors on >= 5% of >= 1,000 executions.",error_ratio=0.05;min_executions=1000,"performance_schema.events_statements_summary_by_digest (SUM_ERRORS, SUM_WARNINGS)",reference/checks-mysql.md#my-qry-011,https://dev.mysql.com/doc/refman/8.4/en/performance-schema-statement-summary-tables.html,active,0.1.0,,
MY-QRY-013,"mysql,mariadb",QRY,150,Sort merge passes high,cluster,0,fast,sql,,,any,,,,M,low,Sort_merge_passes >= 10/s.,merge_passes_per_second=10,"@dbt_s_sort_merge_passes, @@GLOBAL.sort_buffer_size",reference/checks-mysql.md#my-qry-013,https://dev.mysql.com/doc/refman/8.4/en/server-status-variables.html#statvar_Sort_merge_passes,active,0.1.0,,
MY-QRY-014,"mysql,mariadb",QRY,150,Plan-hostile patterns in top statement digests,query,1,fast,sql,,,any,SELECT ON performance_schema.*,,,M,low,A top digest matches a plan-hostile text pattern.,top_digests=200;min_executions=100,performance_schema.events_statements_summary_by_digest (DIGEST_TEXT),reference/checks-mysql.md#my-qry-014,https://dev.mysql.com/doc/refman/8.4/en/select-optimization.html,active,0.1.0,,
MY-REL-007,"mysql,mariadb",REL,150,sys schema missing,cluster,0,fast,sql,,,any,,,,S,low,The sys schema has no views.,,information_schema.VIEWS in schema sys (via @dbt_sys_view_count),reference/checks-mysql.md#my-rel-007,https://dev.mysql.com/doc/refman/8.4/en/sys-schema.html,active,0.1.0,,
MY-REL-008,"mysql,mariadb",REL,150,Error log verbosity reduced,setting,0,fast,sql,,,any,,,,S,low,Error log verbosity is below its default.,min_verbosity=2,"@dbt_v_log_error_verbosity (MySQL 5.7+), @dbt_v_log_warnings (MariaDB)",reference/checks-mysql.md#my-rel-008,https://dev.mysql.com/doc/refman/8.4/en/server-system-variables.html#sysvar_log_error_verbosity,active,0.1.0,,
MY-SCHEMA-009,"mysql,mariadb",SCHEMA,150,Very large table not partitioned,relation,1,fast,sql,,,any,,,,L,med,A single-partition table is >= 200 GB.,large_table_bytes=214748364800,"information_schema.TABLES, information_schema.PARTITIONS",reference/checks-mysql.md#my-schema-009,https://dev.mysql.com/doc/refman/8.4/en/partitioning.html,active,0.1.0,,
MY-SCHEMA-010,"mysql,mariadb",SCHEMA,150,"Table with more than 1,000 partitions",relation,1,fast,sql,,,any,,,,L,med,"A table has >= 1,000 partitions.",max_partitions=1000,information_schema.PARTITIONS,reference/checks-mysql.md#my-schema-010,https://dev.mysql.com/doc/refman/8.4/en/partitioning-limitations.html,active,0.1.0,,
MY-SCHEMA-011,"mysql,mariadb",SCHEMA,150,Triggers on high-write tables,relation,1,fast,sql,,,any,SELECT ON performance_schema.*,,,M,med,A table with >= 1 trigger has taken >= 1 M writes.,min_writes=1000000,"information_schema.TRIGGERS, sys.schema_table_statistics",reference/checks-mysql.md#my-schema-011,https://dev.mysql.com/doc/refman/8.4/en/triggers.html,active,0.1.0,,
MY-SCHEMA-014,"mysql,mariadb",SCHEMA,150,Character set or collation inconsistent within a schema,schema,1,fast,sql,,,any,,,,L,med,A schema contains more than one table collation.,,"information_schema.SCHEMATA, information_schema.TABLES, information_schema.COLUMNS",reference/checks-mysql.md#my-schema-014,https://dev.mysql.com/doc/refman/8.4/en/charset-collation-charset.html,active,0.1.0,,
MY-SEC-006,"mysql,mariadb",SEC,150,Deprecated or weak authentication plugins,role,0,fast,sql,,,any,SELECT ON mysql.*,,,M,med,"An account uses mysql_native_password, mysql_old_password or sha256_password.",,normalised account source @dbt_acct_src,reference/checks-mysql.md#my-sec-006,https://dev.mysql.com/doc/refman/8.4/en/pluggable-authentication.html,active,0.1.0,,
MY-SEC-011,"mysql,mariadb",SEC,150,No password validation policy,cluster,0,fast,sql,,,any,,,,M,med,No password validation plugin or component is active.,,"information_schema.PLUGINS, mysql.component (MySQL 8.0+)",reference/checks-mysql.md#my-sec-011,https://dev.mysql.com/doc/refman/8.4/en/validate-password.html,active,0.1.0,,
MY-SEC-012,"mysql,mariadb",SEC,150,Legacy test database or test grants present,schema,0,fast,sql,,,any,,,,S,low,The legacy test schema exists.,,"information_schema.SCHEMATA, information_schema.SCHEMA_PRIVILEGES",reference/checks-mysql.md#my-sec-012,https://dev.mysql.com/doc/refman/8.4/en/default-privileges.html,active,0.1.0,,
MY-WAL-003,"mysql,mariadb",WAL,150,Binary log cache spilling to disk,setting,0,fast,sql,,,any,,,,M,low,"Binlog cache disk-use ratio >= 1% with >= 10,000 uses.",spill_ratio=0.01;min_cache_uses=10000,"@dbt_s_binlog_cache_use, @dbt_s_binlog_cache_disk_use, @@GLOBAL.binlog_cache_size",reference/checks-mysql.md#my-wal-003,https://dev.mysql.com/doc/refman/8.4/en/replication-options-binary-log.html#sysvar_binlog_cache_size,active,0.1.0,,
MY-WAL-005,"mysql,mariadb",WAL,150,innodb_io_capacity at its rotational-disk default on solid-state storage,setting,0,fast,sql,,,any,interview,,,S,low,"io_capacity at defaults with baseline.storage declared as ssd, nvme or cloud.",io_capacity_default=200;io_capacity_max_default=2000,"@@GLOBAL.innodb_io_capacity, @@GLOBAL.innodb_io_capacity_max, @dbt_storage",reference/checks-mysql.md#my-wal-005,https://dev.mysql.com/doc/refman/8.4/en/innodb-configuring-io-capacity.html,active,0.1.0,,
MY-WAL-006,"mysql,mariadb",WAL,150,Buffer pool dirty page ratio high,cluster,0,fast,sql,,,any,,,,M,low,Dirty page ratio >= 75% at snapshot.,dirty_ratio=0.75,"@dbt_s_innodb_buffer_pool_pages_dirty, @dbt_s_innodb_buffer_pool_pages_total, @@GLOBAL.innodb_max_dirty_pages_pct",reference/checks-mysql.md#my-wal-006,https://dev.mysql.com/doc/refman/8.4/en/innodb-buffer-pool-flushing.html,active,0.1.0,,
MY-CFG-001,"mysql,mariadb",CFG,200,Non-default global variables,setting,0,inventory,sql,,,any,SELECT ON performance_schema.*,,,S,low,Always emitted; one row per non-default global variable.,,MySQL: performance_schema.variables_info joined to global_variables; MariaDB: information_schema.SYSTEM_VARIABLES (GLOBAL_VALUE vs DEFAULT_VALUE),reference/checks-mysql.md#my-cfg-001,https://dev.mysql.com/doc/refman/8.4/en/server-system-variables.html,active,0.1.0,,
MY-CFG-003,"mysql,mariadb",CFG,200,Variables differing from the supplied baseline,setting,0,inventory,derived,,,any,,,,S,low,A supplied baseline differs from the running configuration.,,,reference/checks-mysql.md#my-cfg-003,https://dev.mysql.com/doc/refman/8.4/en/server-system-variables.html,planned,0.1.0,,
MY-REL-009,"mysql,mariadb",REL,200,Buffer pool warm-up not configured (review),setting,0,inventory,sql,,,any,,,,S,low,Buffer pool dump-at-shutdown or load-at-startup is OFF.,,"@@GLOBAL.innodb_buffer_pool_dump_at_shutdown, @@GLOBAL.innodb_buffer_pool_load_at_startup, @@GLOBAL.innodb_buffer_pool_dump_pct",reference/checks-mysql.md#my-rel-009,https://dev.mysql.com/doc/refman/8.4/en/innodb-preload-buffer-pool.html,active,0.1.0,,
MY-REPL-012,"mysql,mariadb",REPL,200,server_id left at its default in a replicated topology,setting,0,inventory,sql,,,any,,,,S,low,server_id is 0 or 1 in a replicated topology.,,"@@GLOBAL.server_id, @dbt_v_server_uuid",reference/checks-mysql.md#my-repl-012,https://dev.mysql.com/doc/refman/8.4/en/replication-options.html#sysvar_server_id,active,0.1.0,,
MY-SCHEMA-012,"mysql,mariadb",SCHEMA,200,Legacy character sets and row formats (inventory),schema,1,inventory,sql,,,any,,,,L,med,Tables use a legacy character set or a pre-Barracuda row format.,,"information_schema.TABLES (TABLE_COLLATION, ROW_FORMAT)",reference/checks-mysql.md#my-schema-012,https://dev.mysql.com/doc/refman/8.4/en/charset-unicode-conversion.html,active,0.1.0,,
MY-SEC-014,"mysql,mariadb",SEC,200,Listening on all interfaces (review),setting,0,inventory,sql,,,any,,,,M,med,bind_address is unrestricted and skip_networking is OFF.,,"@@GLOBAL.bind_address, @@GLOBAL.port, @@GLOBAL.skip_networking",reference/checks-mysql.md#my-sec-014,https://dev.mysql.com/doc/refman/8.4/en/server-system-variables.html#sysvar_bind_address,active,0.1.0,,
MY-SEC-015,"mysql,mariadb",SEC,200,No audit logging (review),cluster,0,inventory,sql,,,any,,,,M,low,No audit plugin or component is active.,,"information_schema.PLUGINS, mysql.component",reference/checks-mysql.md#my-sec-015,https://dev.mysql.com/doc/refman/8.4/en/audit-log.html,active,0.1.0,,
MY-SEC-007,"mysql,mariadb",SEC,230,Privileged accounts (review list),role,0,inventory,sql,,,any,SELECT ON mysql.*,,rds=230;aurora=230;cloudsql=230;azure=230,S,low,An account holds any global privilege that escapes its own scope.,,normalised account source @dbt_acct_src,reference/checks-mysql.md#my-sec-007,https://dev.mysql.com/doc/refman/8.4/en/privileges-provided.html,active,0.1.0,,
MY-QRY-004,"mysql,mariadb",QRY,240,Top 10 statements by total latency,query,1,fast,sql,,,any,SELECT ON performance_schema.*,,,S,low,Always emitted when digests are available.,top_n=10,performance_schema.events_statements_summary_by_digest,reference/checks-mysql.md#my-qry-004,https://dev.mysql.com/doc/refman/8.4/en/performance-schema-statement-summary-tables.html,active,0.1.0,,
MY-QRY-005,"mysql,mariadb",QRY,240,Top 10 statements by average latency,query,1,fast,sql,,,any,SELECT ON performance_schema.*,,,S,low,Always emitted when digests are available.,top_n=10,performance_schema.events_statements_summary_by_digest,reference/checks-mysql.md#my-qry-005,https://dev.mysql.com/doc/refman/8.4/en/performance-schema-statement-summary-tables.html,active,0.1.0,,
MY-QRY-006,"mysql,mariadb",QRY,240,Top 10 statements by rows examined per row sent,query,1,fast,sql,,,any,SELECT ON performance_schema.*,,,M,low,Rows examined per row sent >= 100 with >= 100 executions.,top_n=10,performance_schema.events_statements_summary_by_digest,reference/checks-mysql.md#my-qry-006,https://dev.mysql.com/doc/refman/8.4/en/performance-schema-statement-summary-tables.html,active,0.1.0,,
MY-QRY-007,"mysql,mariadb",QRY,240,Top 10 statements creating disk temporary tables,query,1,fast,sql,,,any,SELECT ON performance_schema.*,,,M,low,Statements with disk temporary tables exist.,top_n=10,performance_schema.events_statements_summary_by_digest,reference/checks-mysql.md#my-qry-007,https://dev.mysql.com/doc/refman/8.4/en/internal-temporary-tables.html,active,0.1.0,,
MY-QRY-008,"mysql,mariadb",QRY,240,Top 10 statements with full table scans,query,1,fast,sql,,,any,SELECT ON performance_schema.*,,,M,low,Statements that executed with no index exist.,top_n=10,performance_schema.events_statements_summary_by_digest,reference/checks-mysql.md#my-qry-008,https://dev.mysql.com/doc/refman/8.4/en/performance-schema-statement-summary-tables.html,active,0.1.0,,
MY-QRY-009,"mysql,mariadb",QRY,240,Top 10 statements by execution count,query,1,fast,sql,,,any,SELECT ON performance_schema.*,,,S,low,Always emitted when digests are available.,top_n=10,performance_schema.events_statements_summary_by_digest,reference/checks-mysql.md#my-qry-009,https://dev.mysql.com/doc/refman/8.4/en/performance-schema-statement-summary-tables.html,active,0.1.0,,
MY-QRY-015,"mysql,mariadb",QRY,240,Status snapshot,cluster,0,inventory,sql,,,any,,,,S,low,Always emitted.,,the @dbt_s_* status bundle (01_session.sql §6),reference/checks-mysql.md#my-qry-015,https://dev.mysql.com/doc/refman/8.4/en/server-status-variables.html,active,0.1.0,,
MY-CAP-004,"mysql,mariadb",CAP,250,Schema sizes,schema,1,inventory,sql,,,any,,,,S,low,Always emitted.,,information_schema.TABLES grouped by schema,reference/checks-mysql.md#my-cap-004,https://dev.mysql.com/doc/refman/8.4/en/information-schema-tables-table.html,active,0.1.0,,
MY-CAP-005,"mysql,mariadb",CAP,250,Largest 20 tables,relation,1,inventory,sql,,,any,,,,S,low,Always emitted.,top_n=20,information_schema.TABLES,reference/checks-mysql.md#my-cap-005,https://dev.mysql.com/doc/refman/8.4/en/information-schema-tables-table.html,active,0.1.0,,
MY-CAP-009,"mysql,mariadb",CAP,250,Growth since last snapshot,cluster,0,inventory,derived,,,any,,,,S,low,A previous snapshot exists to compare against.,,,reference/checks-mysql.md#my-cap-009,https://dev.mysql.com/doc/refman/8.4/en/information-schema-tables-table.html,planned,0.1.0,,
MY-INFO-001,"mysql,mariadb",INFO,250,Server identity,cluster,0,inventory,sql,,,any,,,,S,low,Always emitted.,,version and fork facts from 01_session.sql plus the universal settings,reference/checks-mysql.md#my-info-001,https://dev.mysql.com/doc/refman/8.4/en/server-system-variables.html,active,0.1.0,,
MY-INFO-002,"mysql,mariadb",INFO,250,Host resources,host,0,inventory,os,,,any,os,,,S,low,Always emitted when host resources are supplied.,,,reference/checks-mysql.md#my-info-002,https://dev.mysql.com/doc/refman/8.4/en/optimizing-server.html,active,0.1.0,,
MY-INFO-003,"mysql,mariadb",INFO,250,Plugins and components,cluster,0,inventory,sql,,,any,,,,S,low,Always emitted.,,"information_schema.PLUGINS, mysql.component (MySQL 8.0+)",reference/checks-mysql.md#my-info-003,https://dev.mysql.com/doc/refman/8.4/en/information-schema-plugins-table.html,active,0.1.0,,
MY-INFO-004,"mysql,mariadb",INFO,250,Replication topology,cluster,0,inventory,sql,,,any,SELECT ON performance_schema.*,,,S,low,Always emitted.,,"the normalised replica status from 01_session.sql §6c, @dbt_binlog_dump_threads, semi-sync status, GTID variables",reference/checks-mysql.md#my-info-004,https://dev.mysql.com/doc/refman/8.4/en/replication.html,active,0.1.0,,
MY-INFO-005,"mysql,mariadb",INFO,250,Connection summary,cluster,0,inventory,sql,,,any,PROCESS,,,S,low,Always emitted.,,information_schema.PROCESSLIST,reference/checks-mysql.md#my-info-005,https://dev.mysql.com/doc/refman/8.4/en/information-schema-processlist-table.html,active,0.1.0,,
MY-INFO-006,"mysql,mariadb",INFO,250,InnoDB summary,cluster,0,inventory,sql,,,any,,,,S,low,Always emitted.,,"InnoDB settings (universal ones inline, fork-specific ones from the bundle), information_schema.TABLES for data size by engine",reference/checks-mysql.md#my-info-006,https://dev.mysql.com/doc/refman/8.4/en/innodb-parameters.html,active,0.1.0,,
MY-INFO-007,"mysql,mariadb",INFO,250,Object counts,cluster,1,inventory,sql,,,any,,,,S,low,Always emitted.,,"information_schema TABLES, VIEWS, ROUTINES, TRIGGERS, EVENTS, PARTITIONS, STATISTICS, TABLE_CONSTRAINTS",reference/checks-mysql.md#my-info-007,https://dev.mysql.com/doc/refman/8.4/en/information-schema.html,active,0.1.0,,
MY-INFO-008,"mysql,mariadb",INFO,250,Accounts summary,cluster,0,inventory,sql,,,any,SELECT ON mysql.*,,,S,low,Always emitted.,,normalised account source @dbt_acct_src (01_session.sql §6d),reference/checks-mysql.md#my-info-008,https://dev.mysql.com/doc/refman/8.4/en/grant-tables.html,active,0.1.0,,
MY-INFO-009,"mysql,mariadb",INFO,250,Statistics window,cluster,0,inventory,sql,,,any,,,,S,low,Always emitted.,,"@dbt_uptime_s, @dbt_counter_conf, performance_schema lost-instrument counters",reference/checks-mysql.md#my-info-009,https://dev.mysql.com/doc/refman/8.4/en/server-status-variables.html#statvar_Uptime,active,0.1.0,,
